Workbook

Sheet Synthèse
A1: Synthèse — tous les échantillons (volumes en µL)
A2: Volumes liés par formule aux feuilles AS026–AS031. Colonnes spectres à remplir après mesure.
A3: ID | B3: Feuille | C3: Ordre d'ajout | D3: PEG | E3: NP | F3: Mg | G3: PAN | H3: Cu | I3: EDTA | J3: Ca | K3: BRB | L3: H2O | M3: Volume total | N3: Nombre de coups | O3: Notes
A4: AS026_1 | B4: AS026 | C4: =_xlfn.TEXTJOIN(" > ",TRUE,'AS026'!B6:B10) -> NP > PEG > Mg > PAN > H2O | D4: =IFERROR(INDEX('AS026'!C6:C10,MATCH("PEG",'AS026'!B6:B10,0)),"") -> 750 | E4: =IFERROR(INDEX('AS026'!C6:C10,MATCH("NP",'AS026'!B6:B10,0)),"") -> 750 | F4: =IFERROR(INDEX('AS026'!C6:C10,MATCH("Mg",'AS026'!B6:B10,0)),"") -> 208 | G4: =IFERROR(INDEX('AS026'!C6:C10,MATCH("PAN",'AS026'!B6:B10,0)),"") -> 30 | H4: =IFERROR(INDEX('AS026'!C6:C10,MATCH("Cu",'AS026'!B6:B10,0)),"") | I4: =IFERROR(INDEX('AS026'!C6:C10,MATCH("EDTA",'AS026'!B6:B10,0)),"") | J4: =IFERROR(INDEX('AS026'!C6:C10,MATCH("Ca",'AS026'!B6:B10,0)),"") | K4: =IFERROR(INDEX('AS026'!C6:C10,MATCH("BRB",'AS026'!B6:B10,0)),"") | L4: =IFERROR(INDEX('AS026'!C6:C10,MATCH("H2*",'AS026'!B6:B10,0)),"") -> 1500 | M4: =SUM('AS026'!C6:C10) -> 3238
A5: AS026_2 | B5: AS026 | C5: =_xlfn.TEXTJOIN(" > ",TRUE,'AS026'!F6:F11) -> NP > PEG > Mg > PAN > Cu > H20 | D5: =IFERROR(INDEX('AS026'!G6:G11,MATCH("PEG",'AS026'!F6:F11,0)),"") -> 750 | E5: =IFERROR(INDEX('AS026'!G6:G11,MATCH("NP",'AS026'!F6:F11,0)),"") -> 750 | F5: =IFERROR(INDEX('AS026'!G6:G11,MATCH("Mg",'AS026'!F6:F11,0)),"") -> 416 | G5: =IFERROR(INDEX('AS026'!G6:G11,MATCH("PAN",'AS026'!F6:F11,0)),"") -> 30 | H5: =IFERROR(INDEX('AS026'!G6:G11,MATCH("Cu",'AS026'!F6:F11,0)),"") -> 1000 | I5: =IFERROR(INDEX('AS026'!G6:G11,MATCH("EDTA",'AS026'!F6:F11,0)),"") | J5: =IFERROR(INDEX('AS026'!G6:G11,MATCH("Ca",'AS026'!F6:F11,0)),"") | K5: =IFERROR(INDEX('AS026'!G6:G11,MATCH("BRB",'AS026'!F6:F11,0)),"") | L5: =IFERROR(INDEX('AS026'!G6:G11,MATCH("H2*",'AS026'!F6:F11,0)),"") -> 500 | M5: =SUM('AS026'!G6:G11) -> 3446
A6: AS026_3 | B6: AS026 | C6: =_xlfn.TEXTJOIN(" > ",TRUE,'AS026'!J6:J10) -> NP > PEG > Mg > PAN > H2O | D6: =IFERROR(INDEX('AS026'!K6:K10,MATCH("PEG",'AS026'!J6:J10,0)),"") -> 750 | E6: =IFERROR(INDEX('AS026'!K6:K10,MATCH("NP",'AS026'!J6:J10,0)),"") -> 750 | F6: =IFERROR(INDEX('AS026'!K6:K10,MATCH("Mg",'AS026'!J6:J10,0)),"") -> 208 | G6: =IFERROR(INDEX('AS026'!K6:K10,MATCH("PAN",'AS026'!J6:J10,0)),"") -> 30 | H6: =IFERROR(INDEX('AS026'!K6:K10,MATCH("Cu",'AS026'!J6:J10,0)),"") | I6: =IFERROR(INDEX('AS026'!K6:K10,MATCH("EDTA",'AS026'!J6:J10,0)),"") | J6: =IFERROR(INDEX('AS026'!K6:K10,MATCH("Ca",'AS026'!J6:J10,0)),"") | K6: =IFERROR(INDEX('AS026'!K6:K10,MATCH("BRB",'AS026'!J6:J10,0)),"") | L6: =IFERROR(INDEX('AS026'!K6:K10,MATCH("H2*",'AS026'!J6:J10,0)),"") -> 1500 | M6: =SUM('AS026'!K6:K10) -> 3238
A7: AS026_4 | B7: AS026 | C7: =_xlfn.TEXTJOIN(" > ",TRUE,'AS026'!N6:N11) -> NP > PEG > Mg > PAN > Cu > H20 | D7: =IFERROR(INDEX('AS026'!O6:O11,MATCH("PEG",'AS026'!N6:N11,0)),"") -> 750 | E7: =IFERROR(INDEX('AS026'!O6:O11,MATCH("NP",'AS026'!N6:N11,0)),"") -> 750 | F7: =IFERROR(INDEX('AS026'!O6:O11,MATCH("Mg",'AS026'!N6:N11,0)),"") -> 416 | G7: =IFERROR(INDEX('AS026'!O6:O11,MATCH("PAN",'AS026'!N6:N11,0)),"") -> 30 | H7: =IFERROR(INDEX('AS026'!O6:O11,MATCH("Cu",'AS026'!N6:N11,0)),"") -> 1000 | I7: =IFERROR(INDEX('AS026'!O6:O11,MATCH("EDTA",'AS026'!N6:N11,0)),"") | J7: =IFERROR(INDEX('AS026'!O6:O11,MATCH("Ca",'AS026'!N6:N11,0)),"") | K7: =IFERROR(INDEX('AS026'!O6:O11,MATCH("BRB",'AS026'!N6:N11,0)),"") | L7: =IFERROR(INDEX('AS026'!O6:O11,MATCH("H2*",'AS026'!N6:N11,0)),"") -> 500 | M7: =SUM('AS026'!O6:O11) -> 3446
A8: AS026_5 | B8: AS026 | C8: =_xlfn.TEXTJOIN(" > ",TRUE,'AS026'!R6:R10) -> NP > PEG > PAN > Mg > H2O | D8: =IFERROR(INDEX('AS026'!S6:S10,MATCH("PEG",'AS026'!R6:R10,0)),"") -> 750 | E8: =IFERROR(INDEX('AS026'!S6:S10,MATCH("NP",'AS026'!R6:R10,0)),"") -> 750 | F8: =IFERROR(INDEX('AS026'!S6:S10,MATCH("Mg",'AS026'!R6:R10,0)),"") -> 208 | G8: =IFERROR(INDEX('AS026'!S6:S10,MATCH("PAN",'AS026'!R6:R10,0)),"") -> 30 | H8: =IFERROR(INDEX('AS026'!S6:S10,MATCH("Cu",'AS026'!R6:R10,0)),"") | I8: =IFERROR(INDEX('AS026'!S6:S10,MATCH("EDTA",'AS026'!R6:R10,0)),"") | J8: =IFERROR(INDEX('AS026'!S6:S10,MATCH("Ca",'AS026'!R6:R10,0)),"") | K8: =IFERROR(INDEX('AS026'!S6:S10,MATCH("BRB",'AS026'!R6:R10,0)),"") | L8: =IFERROR(INDEX('AS026'!S6:S10,MATCH("H2*",'AS026'!R6:R10,0)),"") -> 1500 | M8: =SUM('AS026'!S6:S10) -> 3238
A9: AS026_6 | B9: AS026 | C9: =_xlfn.TEXTJOIN(" > ",TRUE,'AS026'!V6:V10) -> NP > PEG > Mg > PAN > H2O | D9: =IFERROR(INDEX('AS026'!W6:W10,MATCH("PEG",'AS026'!V6:V10,0)),"") -> 750 | E9: =IFERROR(INDEX('AS026'!W6:W10,MATCH("NP",'AS026'!V6:V10,0)),"") -> 750 | F9: =IFERROR(INDEX('AS026'!W6:W10,MATCH("Mg",'AS026'!V6:V10,0)),"") -> 208 | G9: =IFERROR(INDEX('AS026'!W6:W10,MATCH("PAN",'AS026'!V6:V10,0)),"") -> 30 | H9: =IFERROR(INDEX('AS026'!W6:W10,MATCH("Cu",'AS026'!V6:V10,0)),"") | I9: =IFERROR(INDEX('AS026'!W6:W10,MATCH("EDTA",'AS026'!V6:V10,0)),"") | J9: =IFERROR(INDEX('AS026'!W6:W10,MATCH("Ca",'AS026'!V6:V10,0)),"") | K9: =IFERROR(INDEX('AS026'!W6:W10,MATCH("BRB",'AS026'!V6:V10,0)),"") | L9: =IFERROR(INDEX('AS026'!W6:W10,MATCH("H2*",'AS026'!V6:V10,0)),"") -> 1500 | M9: =SUM('AS026'!W6:W10) -> 3238
A10: AS027_1 | B10: AS027 | C10: =_xlfn.TEXTJOIN(" > ",TRUE,'AS027'!B6:B11) -> Cu > PEG > NP > Mg > PAN > H2O | D10: =IFERROR(INDEX('AS027'!C6:C11,MATCH("PEG",'AS027'!B6:B11,0)),"") -> 750 | E10: =IFERROR(INDEX('AS027'!C6:C11,MATCH("NP",'AS027'!B6:B11,0)),"") -> 750 | F10: =IFERROR(INDEX('AS027'!C6:C11,MATCH("Mg",'AS027'!B6:B11,0)),"") -> 200 | G10: =IFERROR(INDEX('AS027'!C6:C11,MATCH("PAN",'AS027'!B6:B11,0)),"") -> 30 | H10: =IFERROR(INDEX('AS027'!C6:C11,MATCH("Cu",'AS027'!B6:B11,0)),"") -> 1000 | I10: =IFERROR(INDEX('AS027'!C6:C11,MATCH("EDTA",'AS027'!B6:B11,0)),"") | J10: =IFERROR(INDEX('AS027'!C6:C11,MATCH("Ca",'AS027'!B6:B11,0)),"") | K10: =IFERROR(INDEX('AS027'!C6:C11,MATCH("BRB",'AS027'!B6:B11,0)),"") | L10: =IFERROR(INDEX('AS027'!C6:C11,MATCH("H2*",'AS027'!B6:B11,0)),"") -> 500 | M10: =SUM('AS027'!C6:C11) -> 3230
A11: AS027_2 | B11: AS027 | C11: =_xlfn.TEXTJOIN(" > ",TRUE,'AS027'!F6:F10) -> PEG > NP > Ca > PAN > H2O | D11: =IFERROR(INDEX('AS027'!G6:G10,MATCH("PEG",'AS027'!F6:F10,0)),"") -> 750 | E11: =IFERROR(INDEX('AS027'!G6:G10,MATCH("NP",'AS027'!F6:F10,0)),"") -> 750 | F11: =IFERROR(INDEX('AS027'!G6:G10,MATCH("Mg",'AS027'!F6:F10,0)),"") | G11: =IFERROR(INDEX('AS027'!G6:G10,MATCH("PAN",'AS027'!F6:F10,0)),"") -> 30 | H11: =IFERROR(INDEX('AS027'!G6:G10,MATCH("Cu",'AS027'!F6:F10,0)),"") | I11: =IFERROR(INDEX('AS027'!G6:G10,MATCH("EDTA",'AS027'!F6:F10,0)),"") | J11: =IFERROR(INDEX('AS027'!G6:G10,MATCH("Ca",'AS027'!F6:F10,0)),"") -> 200 | K11: =IFERROR(INDEX('AS027'!G6:G10,MATCH("BRB",'AS027'!F6:F10,0)),"") | L11: =IFERROR(INDEX('AS027'!G6:G10,MATCH("H2*",'AS027'!F6:F10,0)),"") -> 500 | M11: =SUM('AS027'!G6:G10) -> 2230
A12: AS027_3 | B12: AS027 | C12: =_xlfn.TEXTJOIN(" > ",TRUE,'AS027'!J6:J10) -> H2O > PEG > NP > Mg > H2O | D12: =IFERROR(INDEX('AS027'!K6:K10,MATCH("PEG",'AS027'!J6:J10,0)),"") -> 750 | E12: =IFERROR(INDEX('AS027'!K6:K10,MATCH("NP",'AS027'!J6:J10,0)),"") -> 750 | F12: =IFERROR(INDEX('AS027'!K6:K10,MATCH("Mg",'AS027'!J6:J10,0)),"") -> 400 | G12: =IFERROR(INDEX('AS027'!K6:K10,MATCH("PAN",'AS027'!J6:J10,0)),"") | H12: =IFERROR(INDEX('AS027'!K6:K10,MATCH("Cu",'AS027'!J6:J10,0)),"") | I12: =IFERROR(INDEX('AS027'!K6:K10,MATCH("EDTA",'AS027'!J6:J10,0)),"") | J12: =IFERROR(INDEX('AS027'!K6:K10,MATCH("Ca",'AS027'!J6:J10,0)),"") | K12: =IFERROR(INDEX('AS027'!K6:K10,MATCH("BRB",'AS027'!J6:J10,0)),"") | L12: =IFERROR(INDEX('AS027'!K6:K10,MATCH("H2*",'AS027'!J6:J10,0)),"") -> 1000 | M12: =SUM('AS027'!K6:K10) -> 3400
A13: AS027_4 | B13: AS027 | C13: =_xlfn.TEXTJOIN(" > ",TRUE,'AS027'!N6:N11) -> Cu > PEG > NP > Mg > PAN > H2O | D13: =IFERROR(INDEX('AS027'!O6:O11,MATCH("PEG",'AS027'!N6:N11,0)),"") -> 750 | E13: =IFERROR(INDEX('AS027'!O6:O11,MATCH("NP",'AS027'!N6:N11,0)),"") -> 750 | F13: =IFERROR(INDEX('AS027'!O6:O11,MATCH("Mg",'AS027'!N6:N11,0)),"") -> 200 | G13: =IFERROR(INDEX('AS027'!O6:O11,MATCH("PAN",'AS027'!N6:N11,0)),"") -> 30 | H13: =IFERROR(INDEX('AS027'!O6:O11,MATCH("Cu",'AS027'!N6:N11,0)),"") -> 1000 | I13: =IFERROR(INDEX('AS027'!O6:O11,MATCH("EDTA",'AS027'!N6:N11,0)),"") | J13: =IFERROR(INDEX('AS027'!O6:O11,MATCH("Ca",'AS027'!N6:N11,0)),"") | K13: =IFERROR(INDEX('AS027'!O6:O11,MATCH("BRB",'AS027'!N6:N11,0)),"") | L13: =IFERROR(INDEX('AS027'!O6:O11,MATCH("H2*",'AS027'!N6:N11,0)),"") -> 500 | M13: =SUM('AS027'!O6:O11) -> 3230
A14: AS027_5 | B14: AS027 | C14: =_xlfn.TEXTJOIN(" > ",TRUE,'AS027'!R6:R11) -> Cu > PEG > NP > Ca > PAN > H2O | D14: =IFERROR(INDEX('AS027'!S6:S11,MATCH("PEG",'AS027'!R6:R11,0)),"") -> 750 | E14: =IFERROR(INDEX('AS027'!S6:S11,MATCH("NP",'AS027'!R6:R11,0)),"") -> 750 | F14: =IFERROR(INDEX('AS027'!S6:S11,MATCH("Mg",'AS027'!R6:R11,0)),"") | G14: =IFERROR(INDEX('AS027'!S6:S11,MATCH("PAN",'AS027'!R6:R11,0)),"") -> 30 | H14: =IFERROR(INDEX('AS027'!S6:S11,MATCH("Cu",'AS027'!R6:R11,0)),"") -> 1000 | I14: =IFERROR(INDEX('AS027'!S6:S11,MATCH("EDTA",'AS027'!R6:R11,0)),"") | J14: =IFERROR(INDEX('AS027'!S6:S11,MATCH("Ca",'AS027'!R6:R11,0)),"") -> 200 | K14: =IFERROR(INDEX('AS027'!S6:S11,MATCH("BRB",'AS027'!R6:R11,0)),"") | L14: =IFERROR(INDEX('AS027'!S6:S11,MATCH("H2*",'AS027'!R6:R11,0)),"") -> 500 | M14: =SUM('AS027'!S6:S11) -> 3230
A15: AS028_1 | B15: AS028 | C15: =_xlfn.TEXTJOIN(" > ",TRUE,'AS028'!B6:B11) -> Cu > H2O > PEG > NP > Mg > PAN | D15: =IFERROR(INDEX('AS028'!C6:C11,MATCH("PEG",'AS028'!B6:B11,0)),"") -> 750 | E15: =IFERROR(INDEX('AS028'!C6:C11,MATCH("NP",'AS028'!B6:B11,0)),"") -> 750 | F15: =IFERROR(INDEX('AS028'!C6:C11,MATCH("Mg",'AS028'!B6:B11,0)),"") -> 400 | G15: =IFERROR(INDEX('AS028'!C6:C11,MATCH("PAN",'AS028'!B6:B11,0)),"") -> 30 | H15: =IFERROR(INDEX('AS028'!C6:C11,MATCH("Cu",'AS028'!B6:B11,0)),"") -> 1000 | I15: =IFERROR(INDEX('AS028'!C6:C11,MATCH("EDTA",'AS028'!B6:B11,0)),"") | J15: =IFERROR(INDEX('AS028'!C6:C11,MATCH("Ca",'AS028'!B6:B11,0)),"") | K15: =IFERROR(INDEX('AS028'!C6:C11,MATCH("BRB",'AS028'!B6:B11,0)),"") | L15: =IFERROR(INDEX('AS028'!C6:C11,MATCH("H2*",'AS028'!B6:B11,0)),"") -> 500 | M15: =SUM('AS028'!C6:C11) -> 3430
A16: AS028_2 | B16: AS028 | C16: =_xlfn.TEXTJOIN(" > ",TRUE,'AS028'!F6:F11) -> Cu > PEG > NP > Mg > PAN > H2O | D16: =IFERROR(INDEX('AS028'!G6:G11,MATCH("PEG",'AS028'!F6:F11,0)),"") -> 750 | E16: =IFERROR(INDEX('AS028'!G6:G11,MATCH("NP",'AS028'!F6:F11,0)),"") -> 750 | F16: =IFERROR(INDEX('AS028'!G6:G11,MATCH("Mg",'AS028'!F6:F11,0)),"") -> 400 | G16: =IFERROR(INDEX('AS028'!G6:G11,MATCH("PAN",'AS028'!F6:F11,0)),"") -> 30 | H16: =IFERROR(INDEX('AS028'!G6:G11,MATCH("Cu",'AS028'!F6:F11,0)),"") -> 1000 | I16: =IFERROR(INDEX('AS028'!G6:G11,MATCH("EDTA",'AS028'!F6:F11,0)),"") | J16: =IFERROR(INDEX('AS028'!G6:G11,MATCH("Ca",'AS028'!F6:F11,0)),"") | K16: =IFERROR(INDEX('AS028'!G6:G11,MATCH("BRB",'AS028'!F6:F11,0)),"") | L16: =IFERROR(INDEX('AS028'!G6:G11,MATCH("H2*",'AS028'!F6:F11,0)),"") -> 500 | M16: =SUM('AS028'!G6:G11) -> 3430
A17: AS028_3 | B17: AS028 | C17: =_xlfn.TEXTJOIN(" > ",TRUE,'AS028'!J6:J10) -> H2O > PEG > NP > Mg > PAN | D17: =IFERROR(INDEX('AS028'!K6:K10,MATCH("PEG",'AS028'!J6:J10,0)),"") -> 750 | E17: =IFERROR(INDEX('AS028'!K6:K10,MATCH("NP",'AS028'!J6:J10,0)),"") -> 750 | F17: =IFERROR(INDEX('AS028'!K6:K10,MATCH("Mg",'AS028'!J6:J10,0)),"") -> 400 | G17: =IFERROR(INDEX('AS028'!K6:K10,MATCH("PAN",'AS028'!J6:J10,0)),"") -> 30 | H17: =IFERROR(INDEX('AS028'!K6:K10,MATCH("Cu",'AS028'!J6:J10,0)),"") | I17: =IFERROR(INDEX('AS028'!K6:K10,MATCH("EDTA",'AS028'!J6:J10,0)),"") | J17: =IFERROR(INDEX('AS028'!K6:K10,MATCH("Ca",'AS028'!J6:J10,0)),"") | K17: =IFERROR(INDEX('AS028'!K6:K10,MATCH("BRB",'AS028'!J6:J10,0)),"") | L17: =IFERROR(INDEX('AS028'!K6:K10,MATCH("H2*",'AS028'!J6:J10,0)),"") -> 500 | M17: =SUM('AS028'!K6:K10) -> 2430
A18: AS028_4 | B18: AS028 | C18: =_xlfn.TEXTJOIN(" > ",TRUE,'AS028'!N6:N11) -> PEG > NP > Mg > PAN > Cu > H2O | D18: =IFERROR(INDEX('AS028'!O6:O11,MATCH("PEG",'AS028'!N6:N11,0)),"") -> 750 | E18: =IFERROR(INDEX('AS028'!O6:O11,MATCH("NP",'AS028'!N6:N11,0)),"") -> 750 | F18: =IFERROR(INDEX('AS028'!O6:O11,MATCH("Mg",'AS028'!N6:N11,0)),"") -> 400 | G18: =IFERROR(INDEX('AS028'!O6:O11,MATCH("PAN",'AS028'!N6:N11,0)),"") -> 30 | H18: =IFERROR(INDEX('AS028'!O6:O11,MATCH("Cu",'AS028'!N6:N11,0)),"") -> 1000 | I18: =IFERROR(INDEX('AS028'!O6:O11,MATCH("EDTA",'AS028'!N6:N11,0)),"") | J18: =IFERROR(INDEX('AS028'!O6:O11,MATCH("Ca",'AS028'!N6:N11,0)),"") | K18: =IFERROR(INDEX('AS028'!O6:O11,MATCH("BRB",'AS028'!N6:N11,0)),"") | L18: =IFERROR(INDEX('AS028'!O6:O11,MATCH("H2*",'AS028'!N6:N11,0)),"") -> 500 | M18: =SUM('AS028'!O6:O11) -> 3430
A19: AS028_5 | B19: AS028 | C19: =_xlfn.TEXTJOIN(" > ",TRUE,'AS028'!R6:R11) -> PEG > NP > Mg > PAN > H2O > Cu | D19: =IFERROR(INDEX('AS028'!S6:S11,MATCH("PEG",'AS028'!R6:R11,0)),"") -> 750 | E19: =IFERROR(INDEX('AS028'!S6:S11,MATCH("NP",'AS028'!R6:R11,0)),"") -> 750 | F19: =IFERROR(INDEX('AS028'!S6:S11,MATCH("Mg",'AS028'!R6:R11,0)),"") -> 400 | G19: =IFERROR(INDEX('AS028'!S6:S11,MATCH("PAN",'AS028'!R6:R11,0)),"") -> 30 | H19: =IFERROR(INDEX('AS028'!S6:S11,MATCH("Cu",'AS028'!R6:R11,0)),"") -> 1000 | I19: =IFERROR(INDEX('AS028'!S6:S11,MATCH("EDTA",'AS028'!R6:R11,0)),"") | J19: =IFERROR(INDEX('AS028'!S6:S11,MATCH("Ca",'AS028'!R6:R11,0)),"") | K19: =IFERROR(INDEX('AS028'!S6:S11,MATCH("BRB",'AS028'!R6:R11,0)),"") | L19: =IFERROR(INDEX('AS028'!S6:S11,MATCH("H2*",'AS028'!R6:R11,0)),"") -> 500 | M19: =SUM('AS028'!S6:S11) -> 3430
A20: AS029_1 | B20: AS029 | C20: =_xlfn.TEXTJOIN(" > ",TRUE,'AS029'!B6:B11) -> PEG > NP > Mg > PAN > Cu > BRB | D20: =IFERROR(INDEX('AS029'!C6:C11,MATCH("PEG",'AS029'!B6:B11,0)),"") -> 750 | E20: =IFERROR(INDEX('AS029'!C6:C11,MATCH("NP",'AS029'!B6:B11,0)),"") -> 750 | F20: =IFERROR(INDEX('AS029'!C6:C11,MATCH("Mg",'AS029'!B6:B11,0)),"") -> 800 | G20: =IFERROR(INDEX('AS029'!C6:C11,MATCH("PAN",'AS029'!B6:B11,0)),"") -> 30 | H20: =IFERROR(INDEX('AS029'!C6:C11,MATCH("Cu",'AS029'!B6:B11,0)),"") -> 1000 | I20: =IFERROR(INDEX('AS029'!C6:C11,MATCH("EDTA",'AS029'!B6:B11,0)),"") | J20: =IFERROR(INDEX('AS029'!C6:C11,MATCH("Ca",'AS029'!B6:B11,0)),"") | K20: =IFERROR(INDEX('AS029'!C6:C11,MATCH("BRB",'AS029'!B6:B11,0)),"") -> 100 | L20: =IFERROR(INDEX('AS029'!C6:C11,MATCH("H2*",'AS029'!B6:B11,0)),"") | M20: =SUM('AS029'!C6:C11) -> 3430
A21: AS029_2 | B21: AS029 | C21: =_xlfn.TEXTJOIN(" > ",TRUE,'AS029'!F6:F11) -> PEG > NP > Mg > PAN > BRB > Cu | D21: =IFERROR(INDEX('AS029'!G6:G11,MATCH("PEG",'AS029'!F6:F11,0)),"") -> 750 | E21: =IFERROR(INDEX('AS029'!G6:G11,MATCH("NP",'AS029'!F6:F11,0)),"") -> 750 | F21: =IFERROR(INDEX('AS029'!G6:G11,MATCH("Mg",'AS029'!F6:F11,0)),"") -> 800 | G21: =IFERROR(INDEX('AS029'!G6:G11,MATCH("PAN",'AS029'!F6:F11,0)),"") -> 30 | H21: =IFERROR(INDEX('AS029'!G6:G11,MATCH("Cu",'AS029'!F6:F11,0)),"") -> 1000 | I21: =IFERROR(INDEX('AS029'!G6:G11,MATCH("EDTA",'AS029'!F6:F11,0)),"") | J21: =IFERROR(INDEX('AS029'!G6:G11,MATCH("Ca",'AS029'!F6:F11,0)),"") | K21: =IFERROR(INDEX('AS029'!G6:G11,MATCH("BRB",'AS029'!F6:F11,0)),"") -> 100 | L21: =IFERROR(INDEX('AS029'!G6:G11,MATCH("H2*",'AS029'!F6:F11,0)),"") | M21: =SUM('AS029'!G6:G11) -> 3430
A22: AS029_3 | B22: AS029 | C22: =_xlfn.TEXTJOIN(" > ",TRUE,'AS029'!J6:J11) -> PEG > NP > Mg > PAN > Cu > BRB | D22: =IFERROR(INDEX('AS029'!K6:K11,MATCH("PEG",'AS029'!J6:J11,0)),"") -> 750 | E22: =IFERROR(INDEX('AS029'!K6:K11,MATCH("NP",'AS029'!J6:J11,0)),"") -> 750 | F22: =IFERROR(INDEX('AS029'!K6:K11,MATCH("Mg",'AS029'!J6:J11,0)),"") -> 400 | G22: =IFERROR(INDEX('AS029'!K6:K11,MATCH("PAN",'AS029'!J6:J11,0)),"") -> 30 | H22: =IFERROR(INDEX('AS029'!K6:K11,MATCH("Cu",'AS029'!J6:J11,0)),"") -> 1000 | I22: =IFERROR(INDEX('AS029'!K6:K11,MATCH("EDTA",'AS029'!J6:J11,0)),"") | J22: =IFERROR(INDEX('AS029'!K6:K11,MATCH("Ca",'AS029'!J6:J11,0)),"") | K22: =IFERROR(INDEX('AS029'!K6:K11,MATCH("BRB",'AS029'!J6:J11,0)),"") -> 100 | L22: =IFERROR(INDEX('AS029'!K6:K11,MATCH("H2*",'AS029'!J6:J11,0)),"") | M22: =SUM('AS029'!K6:K11) -> 3030
A23: AS029_4 | B23: AS029 | C23: =_xlfn.TEXTJOIN(" > ",TRUE,'AS029'!N6:N11) -> PEG > NP > Mg > PAN > BRB > Cu | D23: =IFERROR(INDEX('AS029'!O6:O11,MATCH("PEG",'AS029'!N6:N11,0)),"") -> 750 | E23: =IFERROR(INDEX('AS029'!O6:O11,MATCH("NP",'AS029'!N6:N11,0)),"") -> 750 | F23: =IFERROR(INDEX('AS029'!O6:O11,MATCH("Mg",'AS029'!N6:N11,0)),"") -> 400 | G23: =IFERROR(INDEX('AS029'!O6:O11,MATCH("PAN",'AS029'!N6:N11,0)),"") -> 30 | H23: =IFERROR(INDEX('AS029'!O6:O11,MATCH("Cu",'AS029'!N6:N11,0)),"") -> 1000 | I23: =IFERROR(INDEX('AS029'!O6:O11,MATCH("EDTA",'AS029'!N6:N11,0)),"") | J23: =IFERROR(INDEX('AS029'!O6:O11,MATCH("Ca",'AS029'!N6:N11,0)),"") | K23: =IFERROR(INDEX('AS029'!O6:O11,MATCH("BRB",'AS029'!N6:N11,0)),"") -> 500 | L23: =IFERROR(INDEX('AS029'!O6:O11,MATCH("H2*",'AS029'!N6:N11,0)),"") | M23: =SUM('AS029'!O6:O11) -> 3430
A24: AS030_1 | B24: AS030 | C24: =_xlfn.TEXTJOIN(" > ",TRUE,'AS030'!B6:B12) -> PEG > NP > Mg > PAN > Cu > EDTA > H2O | D24: =IFERROR(INDEX('AS030'!C6:C12,MATCH("PEG",'AS030'!B6:B12,0)),"") -> 750 | E24: =IFERROR(INDEX('AS030'!C6:C12,MATCH("NP",'AS030'!B6:B12,0)),"") -> 750 | F24: =IFERROR(INDEX('AS030'!C6:C12,MATCH("Mg",'AS030'!B6:B12,0)),"") -> 400 | G24: =IFERROR(INDEX('AS030'!C6:C12,MATCH("PAN",'AS030'!B6:B12,0)),"") -> 30 | H24: =IFERROR(INDEX('AS030'!C6:C12,MATCH("Cu",'AS030'!B6:B12,0)),"") -> 1000 | I24: =IFERROR(INDEX('AS030'!C6:C12,MATCH("EDTA",'AS030'!B6:B12,0)),"") -> 0 | J24: =IFERROR(INDEX('AS030'!C6:C12,MATCH("Ca",'AS030'!B6:B12,0)),"") | K24: =IFERROR(INDEX('AS030'!C6:C12,MATCH("BRB",'AS030'!B6:B12,0)),"") | L24: =IFERROR(INDEX('AS030'!C6:C12,MATCH("H2*",'AS030'!B6:B12,0)),"") -> 500 | M24: =SUM('AS030'!C6:C12) -> 3430
A25: AS030_2 | B25: AS030 | C25: =_xlfn.TEXTJOIN(" > ",TRUE,'AS030'!F6:F12) -> PEG > NP > Mg > PAN > Cu > EDTA > H2O | D25: =IFERROR(INDEX('AS030'!G6:G12,MATCH("PEG",'AS030'!F6:F12,0)),"") -> 750 | E25: =IFERROR(INDEX('AS030'!G6:G12,MATCH("NP",'AS030'!F6:F12,0)),"") -> 750 | F25: =IFERROR(INDEX('AS030'!G6:G12,MATCH("Mg",'AS030'!F6:F12,0)),"") -> 400 | G25: =IFERROR(INDEX('AS030'!G6:G12,MATCH("PAN",'AS030'!F6:F12,0)),"") -> 30 | H25: =IFERROR(INDEX('AS030'!G6:G12,MATCH("Cu",'AS030'!F6:F12,0)),"") -> 1000 | I25: =IFERROR(INDEX('AS030'!G6:G12,MATCH("EDTA",'AS030'!F6:F12,0)),"") -> 25 | J25: =IFERROR(INDEX('AS030'!G6:G12,MATCH("Ca",'AS030'!F6:F12,0)),"") | K25: =IFERROR(INDEX('AS030'!G6:G12,MATCH("BRB",'AS030'!F6:F12,0)),"") | L25: =IFERROR(INDEX('AS030'!G6:G12,MATCH("H2*",'AS030'!F6:F12,0)),"") -> 475 | M25: =SUM('AS030'!G6:G12) -> 3430
A26: AS030_3 | B26: AS030 | C26: =_xlfn.TEXTJOIN(" > ",TRUE,'AS030'!J6:J12) -> PEG > NP > Mg > PAN > Cu > EDTA > H2O | D26: =IFERROR(INDEX('AS030'!K6:K12,MATCH("PEG",'AS030'!J6:J12,0)),"") -> 750 | E26: =IFERROR(INDEX('AS030'!K6:K12,MATCH("NP",'AS030'!J6:J12,0)),"") -> 750 | F26: =IFERROR(INDEX('AS030'!K6:K12,MATCH("Mg",'AS030'!J6:J12,0)),"") -> 400 | G26: =IFERROR(INDEX('AS030'!K6:K12,MATCH("PAN",'AS030'!J6:J12,0)),"") -> 30 | H26: =IFERROR(INDEX('AS030'!K6:K12,MATCH("Cu",'AS030'!J6:J12,0)),"") -> 1000 | I26: =IFERROR(INDEX('AS030'!K6:K12,MATCH("EDTA",'AS030'!J6:J12,0)),"") -> 50 | J26: =IFERROR(INDEX('AS030'!K6:K12,MATCH("Ca",'AS030'!J6:J12,0)),"") | K26: =IFERROR(INDEX('AS030'!K6:K12,MATCH("BRB",'AS030'!J6:J12,0)),"") | L26: =IFERROR(INDEX('AS030'!K6:K12,MATCH("H2*",'AS030'!J6:J12,0)),"") -> 450 | M26: =SUM('AS030'!K6:K12) -> 3430
A27: AS030_4 | B27: AS030 | C27: =_xlfn.TEXTJOIN(" > ",TRUE,'AS030'!N6:N12) -> PEG > NP > Mg > PAN > Cu > EDTA > H2O | D27: =IFERROR(INDEX('AS030'!O6:O12,MATCH("PEG",'AS030'!N6:N12,0)),"") -> 750 | E27: =IFERROR(INDEX('AS030'!O6:O12,MATCH("NP",'AS030'!N6:N12,0)),"") -> 750 | F27: =IFERROR(INDEX('AS030'!O6:O12,MATCH("Mg",'AS030'!N6:N12,0)),"") -> 400 | G27: =IFERROR(INDEX('AS030'!O6:O12,MATCH("PAN",'AS030'!N6:N12,0)),"") -> 30 | H27: =IFERROR(INDEX('AS030'!O6:O12,MATCH("Cu",'AS030'!N6:N12,0)),"") -> 1000 | I27: =IFERROR(INDEX('AS030'!O6:O12,MATCH("EDTA",'AS030'!N6:N12,0)),"") -> 75 | J27: =IFERROR(INDEX('AS030'!O6:O12,MATCH("Ca",'AS030'!N6:N12,0)),"") | K27: =IFERROR(INDEX('AS030'!O6:O12,MATCH("BRB",'AS030'!N6:N12,0)),"") | L27: =IFERROR(INDEX('AS030'!O6:O12,MATCH("H2*",'AS030'!N6:N12,0)),"") -> 425 | M27: =SUM('AS030'!O6:O12) -> 3430
A28: AS030_5 | B28: AS030 | C28: =_xlfn.TEXTJOIN(" > ",TRUE,'AS030'!R6:R12) -> PEG > NP > PAN > Mg > Cu > EDTA > H2O | D28: =IFERROR(INDEX('AS030'!S6:S12,MATCH("PEG",'AS030'!R6:R12,0)),"") -> 750 | E28: =IFERROR(INDEX('AS030'!S6:S12,MATCH("NP",'AS030'!R6:R12,0)),"") -> 750 | F28: =IFERROR(INDEX('AS030'!S6:S12,MATCH("Mg",'AS030'!R6:R12,0)),"") -> 400 | G28: =IFERROR(INDEX('AS030'!S6:S12,MATCH("PAN",'AS030'!R6:R12,0)),"") -> 30 | H28: =IFERROR(INDEX('AS030'!S6:S12,MATCH("Cu",'AS030'!R6:R12,0)),"") -> 1000 | I28: =IFERROR(INDEX('AS030'!S6:S12,MATCH("EDTA",'AS030'!R6:R12,0)),"") -> 0 | J28: =IFERROR(INDEX('AS030'!S6:S12,MATCH("Ca",'AS030'!R6:R12,0)),"") | K28: =IFERROR(INDEX('AS030'!S6:S12,MATCH("BRB",'AS030'!R6:R12,0)),"") | L28: =IFERROR(INDEX('AS030'!S6:S12,MATCH("H2*",'AS030'!R6:R12,0)),"") -> 425 | M28: =SUM('AS030'!S6:S12) -> 3355
A29: AS031_1 | B29: AS031 | C29: =_xlfn.TEXTJOIN(" > ",TRUE,'AS031'!B6:B12) -> PEG > NP > Mg > PAN > EDTA > Cu > H2O | D29: =IFERROR(INDEX('AS031'!C6:C12,MATCH("PEG",'AS031'!B6:B12,0)),"") -> 750 | E29: =IFERROR(INDEX('AS031'!C6:C12,MATCH("NP",'AS031'!B6:B12,0)),"") -> 750 | F29: =IFERROR(INDEX('AS031'!C6:C12,MATCH("Mg",'AS031'!B6:B12,0)),"") -> 400 | G29: =IFERROR(INDEX('AS031'!C6:C12,MATCH("PAN",'AS031'!B6:B12,0)),"") -> à vérifier | H29: =IFERROR(INDEX('AS031'!C6:C12,MATCH("Cu",'AS031'!B6:B12,0)),"") -> 1000 | I29: =IFERROR(INDEX('AS031'!C6:C12,MATCH("EDTA",'AS031'!B6:B12,0)),"") -> 0 | J29: =IFERROR(INDEX('AS031'!C6:C12,MATCH("Ca",'AS031'!B6:B12,0)),"") | K29: =IFERROR(INDEX('AS031'!C6:C12,MATCH("BRB",'AS031'!B6:B12,0)),"") | L29: =IFERROR(INDEX('AS031'!C6:C12,MATCH("H2*",'AS031'!B6:B12,0)),"") -> 500 | M29: =SUM('AS031'!C6:C12) -> 3400
A30: AS031_2 | B30: AS031 | C30: =_xlfn.TEXTJOIN(" > ",TRUE,'AS031'!F6:F12) -> PEG > NP > Mg > PAN > EDTA > Cu > H2O | D30: =IFERROR(INDEX('AS031'!G6:G12,MATCH("PEG",'AS031'!F6:F12,0)),"") -> 750 | E30: =IFERROR(INDEX('AS031'!G6:G12,MATCH("NP",'AS031'!F6:F12,0)),"") -> 750 | F30: =IFERROR(INDEX('AS031'!G6:G12,MATCH("Mg",'AS031'!F6:F12,0)),"") -> 400 | G30: =IFERROR(INDEX('AS031'!G6:G12,MATCH("PAN",'AS031'!F6:F12,0)),"") -> à vérifier | H30: =IFERROR(INDEX('AS031'!G6:G12,MATCH("Cu",'AS031'!F6:F12,0)),"") -> 1000 | I30: =IFERROR(INDEX('AS031'!G6:G12,MATCH("EDTA",'AS031'!F6:F12,0)),"") -> 25 | J30: =IFERROR(INDEX('AS031'!G6:G12,MATCH("Ca",'AS031'!F6:F12,0)),"") | K30: =IFERROR(INDEX('AS031'!G6:G12,MATCH("BRB",'AS031'!F6:F12,0)),"") | L30: =IFERROR(INDEX('AS031'!G6:G12,MATCH("H2*",'AS031'!F6:F12,0)),"") -> 475 | M30: =SUM('AS031'!G6:G12) -> 3400
A31: AS031_3 | B31: AS031 | C31: =_xlfn.TEXTJOIN(" > ",TRUE,'AS031'!J6:J12) -> PEG > NP > Mg > PAN > EDTA > Cu > H2O | D31: =IFERROR(INDEX('AS031'!K6:K12,MATCH("PEG",'AS031'!J6:J12,0)),"") -> 750 | E31: =IFERROR(INDEX('AS031'!K6:K12,MATCH("NP",'AS031'!J6:J12,0)),"") -> 750 | F31: =IFERROR(INDEX('AS031'!K6:K12,MATCH("Mg",'AS031'!J6:J12,0)),"") -> 400 | G31: =IFERROR(INDEX('AS031'!K6:K12,MATCH("PAN",'AS031'!J6:J12,0)),"") -> à vérifier | H31: =IFERROR(INDEX('AS031'!K6:K12,MATCH("Cu",'AS031'!J6:J12,0)),"") -> 1000 | I31: =IFERROR(INDEX('AS031'!K6:K12,MATCH("EDTA",'AS031'!J6:J12,0)),"") -> 50 | J31: =IFERROR(INDEX('AS031'!K6:K12,MATCH("Ca",'AS031'!J6:J12,0)),"") | K31: =IFERROR(INDEX('AS031'!K6:K12,MATCH("BRB",'AS031'!J6:J12,0)),"") | L31: =IFERROR(INDEX('AS031'!K6:K12,MATCH("H2*",'AS031'!J6:J12,0)),"") -> 450 | M31: =SUM('AS031'!K6:K12) -> 3400
A32: AS031_4 | B32: AS031 | C32: =_xlfn.TEXTJOIN(" > ",TRUE,'AS031'!N6:N12) -> PEG > NP > Mg > PAN > EDTA > Cu > H2O | D32: =IFERROR(INDEX('AS031'!O6:O12,MATCH("PEG",'AS031'!N6:N12,0)),"") -> 750 | E32: =IFERROR(INDEX('AS031'!O6:O12,MATCH("NP",'AS031'!N6:N12,0)),"") -> 750 | F32: =IFERROR(INDEX('AS031'!O6:O12,MATCH("Mg",'AS031'!N6:N12,0)),"") -> 400 | G32: =IFERROR(INDEX('AS031'!O6:O12,MATCH("PAN",'AS031'!N6:N12,0)),"") -> à vérifier | H32: =IFERROR(INDEX('AS031'!O6:O12,MATCH("Cu",'AS031'!N6:N12,0)),"") -> 1000 | I32: =IFERROR(INDEX('AS031'!O6:O12,MATCH("EDTA",'AS031'!N6:N12,0)),"") -> 75 | J32: =IFERROR(INDEX('AS031'!O6:O12,MATCH("Ca",'AS031'!N6:N12,0)),"") | K32: =IFERROR(INDEX('AS031'!O6:O12,MATCH("BRB",'AS031'!N6:N12,0)),"") | L32: =IFERROR(INDEX('AS031'!O6:O12,MATCH("H2*",'AS031'!N6:N12,0)),"") -> 425 | M32: =SUM('AS031'!O6:O12) -> 3400

Sheet AS026
A1: AS026 — remplissage des échantillons
A2: Ordre d’ajout conservé. Tous les volumes ont été convertis en microlitres (uL) quand c’était lisible.
A4: AS026_1 | E4: AS026_2 | I4: AS026_3 | M4: AS026_4 | Q4: AS026_5 | U4: AS026_6
A5: Ordre | B5: Réactif | C5: Volume (uL) | E5: Ordre | F5: Réactif | G5: Volume (uL) | I5: Ordre | J5: Réactif | K5: Volume (uL) | M5: Ordre | N5: Réactif | O5: Volume (uL) | Q5: Ordre | R5: Réactif | S5: Volume (uL) | U5: Ordre | V5: Réactif | W5: Volume (uL)
A6: 1 | B6: NP | C6: 750 | E6: 1 | F6: NP | G6: 750 | I6: 1 | J6: NP | K6: 750 | M6: 1 | N6: NP | O6: 750 | Q6: 1 | R6: NP | S6: 750 | U6: 1 | V6: NP | W6: 750
A7: 2 | B7: PEG | C7: 750 | E7: 2 | F7: PEG | G7: 750 | I7: 2 | J7: PEG | K7: 750 | M7: 2 | N7: PEG | O7: 750 | Q7: 2 | R7: PEG | S7: 750 | U7: 2 | V7: PEG | W7: 750
A8: 3 | B8: Mg | C8: 208 | E8: 3 | F8: Mg | G8: 416 | I8: 3 | J8: Mg | K8: 208 | M8: 3 | N8: Mg | O8: 416 | Q8: 3 | R8: PAN | S8: 30 | U8: 3 | V8: Mg | W8: 208
A9: 4 | B9: PAN | C9: 30 | E9: 4 | F9: PAN | G9: 30 | I9: 4 | J9: PAN | K9: 30 | M9: 4 | N9: PAN | O9: 30 | Q9: 4 | R9: Mg | S9: 208 | U9: 4 | V9: PAN | W9: 30
A10: 5 | B10: H2O | C10: 1500 | E10: 5 | F10: Cu | G10: 1000 | I10: 5 | J10: H2O | K10: 1500 | M10: 5 | N10: Cu | O10: 1000 | Q10: 5 | R10: H2O | S10: 1500 | U10: 5 | V10: H2O | W10: 1500
E11: 6 | F11: H20 | G11: 500 | M11: 6 | N11: H20 | O11: 500
A12: Légende
B13: AS026_1 — référence
B14: Réactif / ordre modifié vs AS026_1
B15: Volume modifié vs AS026_1

Sheet AS027
A1: AS027 — remplissage des échantillons
A2: Ordre d’ajout conservé. Tous les volumes ont été convertis en microlitres (uL) quand c’était lisible.
A4: AS027_1 | E4: AS027_2 | I4: AS027_3 | M4: AS027_4 | Q4: AS027_5
A5: Ordre | B5: Réactif | C5: Volume (uL) | E5: Ordre | F5: Réactif | G5: Volume (uL) | I5: Ordre | J5: Réactif | K5: Volume (uL) | M5: Ordre | N5: Réactif | O5: Volume (uL) | Q5: Ordre | R5: Réactif | S5: Volume (uL)
A6: 1 | B6: Cu | C6: 1000 | E6: 1 | F6: PEG | G6: 750 | I6: 1 | J6: H2O | K6: 1000 | M6: 1 | N6: Cu | O6: 1000 | Q6: 1 | R6: Cu | S6: 1000
A7: 2 | B7: PEG | C7: 750 | E7: 2 | F7: NP | G7: 750 | I7: 2 | J7: PEG | K7: 750 | M7: 2 | N7: PEG | O7: 750 | Q7: 2 | R7: PEG | S7: 750
A8: 3 | B8: NP | C8: 750 | E8: 3 | F8: Ca | G8: 200 | I8: 3 | J8: NP | K8: 750 | M8: 3 | N8: NP | O8: 750 | Q8: 3 | R8: NP | S8: 750
A9: 4 | B9: Mg | C9: 200 | E9: 4 | F9: PAN | G9: 30 | J9: Mg | K9: 400 | M9: 4 | N9: Mg | O9: 200 | Q9: 4 | R9: Ca | S9: 200
A10: 5 | B10: PAN | C10: 30 | E10: 5 | F10: H2O | G10: 500 | J10: H2O | K10: 500 | M10: 5 | N10: PAN | O10: 30 | Q10: 5 | R10: PAN | S10: 30
A11: 6 | B11: H2O | C11: 500 | M11: 6 | N11: H2O | O11: 500 | Q11: 6 | R11: H2O | S11: 500
A13: Légende
B14: AS027_1 — référence
B15: Réactif / ordre modifié vs AS027_1
B16: Volume modifié vs AS027_1

Sheet AS028
A1: AS028 — remplissage des échantillons
A2: Ordre d’ajout conservé. Tous les volumes ont été convertis en microlitres (uL) quand c’était lisible.
A4: AS028_1 | E4: AS028_2 | I4: AS028_3 | M4: AS028_4 | Q4: AS028_5
A5: Ordre | B5: Réactif | C5: Volume (uL) | E5: Ordre | F5: Réactif | G5: Volume (uL) | I5: Ordre | J5: Réactif | K5: Volume (uL) | M5: Ordre | N5: Réactif | O5: Volume (uL) | Q5: Ordre | R5: Réactif | S5: Volume (uL)
A6: 1 | B6: Cu | C6: 1000 | E6: 1 | F6: Cu | G6: 1000 | I6: 1 | J6: H2O | K6: 500 | M6: 1 | N6: PEG | O6: 750 | Q6: 1 | R6: PEG | S6: 750
A7: 2 | B7: H2O | C7: 500 | E7: 2 | F7: PEG | G7: 750 | I7: 2 | J7: PEG | K7: 750 | M7: 2 | N7: NP | O7: 750 | Q7: 2 | R7: NP | S7: 750
A8: 3 | B8: PEG | C8: 750 | E8: 3 | F8: NP | G8: 750 | I8: 3 | J8: NP | K8: 750 | M8: 3 | N8: Mg | O8: 400 | Q8: 3 | R8: Mg | S8: 400
A9: 4 | B9: NP | C9: 750 | E9: 4 | F9: Mg | G9: 400 | I9: 4 | J9: Mg | K9: 400 | M9: 4 | N9: PAN | O9: 30 | Q9: 4 | R9: PAN | S9: 30
A10: 5 | B10: Mg | C10: 400 | E10: 5 | F10: PAN | G10: 30 | I10: 5 | J10: PAN | K10: 30 | M10: 5 | N10: Cu | O10: 1000 | Q10: 5 | R10: H2O | S10: 500
A11: 6 | B11: PAN | C11: 30 | E11: 6 | F11: H2O | G11: 500 | M11: 6 | N11: H2O | O11: 500 | Q11: 6 | R11: Cu | S11: 1000
A13: Légende
B14: AS028_1 — référence
B16: Volume modifié vs AS028_1

Sheet AS029
A1: AS029 — remplissage des échantillons
A2: Ordre d’ajout conservé. Tous les volumes ont été convertis en microlitres (uL) quand c’était lisible.
A4: AS029_1 | E4: AS029_2 | I4: AS029_3 | M4: AS029_4
A5: Ordre | B5: Réactif | C5: Volume (uL) | E5: Ordre | F5: Réactif | G5: Volume (uL) | I5: Ordre | J5: Réactif | K5: Volume (uL) | M5: Ordre | N5: Réactif | O5: Volume (uL)
A6: 1 | B6: PEG | C6: 750 | E6: 1 | F6: PEG | G6: 750 | I6: 1 | J6: PEG | K6: 750 | M6: 1 | N6: PEG | O6: 750
A7: 2 | B7: NP | C7: 750 | E7: 2 | F7: NP | G7: 750 | I7: 2 | J7: NP | K7: 750 | M7: 2 | N7: NP | O7: 750
A8: 3 | B8: Mg | C8: 800 | E8: 3 | F8: Mg | G8: 800 | I8: 3 | J8: Mg | K8: 400 | M8: 3 | N8: Mg | O8: 400
A9: 4 | B9: PAN | C9: 30 | E9: 4 | F9: PAN | G9: 30 | I9: 4 | J9: PAN | K9: 30 | M9: 4 | N9: PAN | O9: 30
A10: 5 | B10: Cu | C10: 1000 | E10: 5 | F10: BRB | G10: 100 | I10: 5 | J10: Cu | K10: 1000 | M10: 5 | N10: BRB | O10: 500
A11: 6 | B11: BRB | C11: 100 | E11: 6 | F11: Cu | G11: 1000 | I11: 6 | J11: BRB | K11: 100 | M11: 6 | N11: Cu | O11: 1000
A13: Légende
B14: AS029_1 — référence
B15: Réactif / ordre modifié vs AS029_1
B16: Volume modifié vs AS029_1

Sheet AS030
A1: AS030 — remplissage des échantillons
A2: Ordre d’ajout conservé. Tous les volumes ont été convertis en microlitres (uL) quand c’était lisible.
A4: AS030_1 | E4: AS030_2 | I4: AS030_3 | M4: AS030_4 | Q4: AS030_5
A5: Ordre | B5: Réactif | C5: Volume (uL) | E5: Ordre | F5: Réactif | G5: Volume (uL) | I5: Ordre | J5: Réactif | K5: Volume (uL) | M5: Ordre | N5: Réactif | O5: Volume (uL) | Q5: Ordre | R5: Réactif | S5: Volume (uL)
A6: 1 | B6: PEG | C6: 750 | E6: 1 | F6: PEG | G6: 750 | I6: 1 | J6: PEG | K6: 750 | M6: 1 | N6: PEG | O6: 750 | Q6: 1 | R6: PEG | S6: 750
A7: 2 | B7: NP | C7: 750 | E7: 2 | F7: NP | G7: 750 | I7: 2 | J7: NP | K7: 750 | M7: 2 | N7: NP | O7: 750 | Q7: 2 | R7: NP | S7: 750
A8: 3 | B8: Mg | C8: 400 | E8: 3 | F8: Mg | G8: 400 | I8: 3 | J8: Mg | K8: 400 | M8: 3 | N8: Mg | O8: 400 | Q8: 3 | R8: PAN | S8: 30
A9: 4 | B9: PAN | C9: 30 | E9: 4 | F9: PAN | G9: 30 | I9: 4 | J9: PAN | K9: 30 | M9: 4 | N9: PAN | O9: 30 | Q9: 4 | R9: Mg | S9: 400
A10: 5 | B10: Cu | C10: 1000 | E10: 5 | F10: Cu | G10: 1000 | I10: 5 | J10: Cu | K10: 1000 | M10: 5 | N10: Cu | O10: 1000 | Q10: 5 | R10: Cu | S10: 1000
A11: 6 | B11: EDTA | C11: 0 | E11: 6 | F11: EDTA | G11: 25 | I11: 6 | J11: EDTA | K11: 50 | M11: 6 | N11: EDTA | O11: 75 | Q11: 6 | R11: EDTA | S11: 0
A12: 7 | B12: H2O | C12: 500 | E12: 7 | F12: H2O | G12: 475 | I12: 7 | J12: H2O | K12: 450 | M12: 7 | N12: H2O | O12: 425 | Q12: 7 | R12: H2O | S12: 425
A14: Légende
B15: AS030_1 — référence
B16: Réactif / ordre modifié vs AS030_1
B17: Volume modifié vs AS030_1

Sheet AS031
A1: AS031 — remplissage des échantillons
A2: Ordre d’ajout conservé. Tous les volumes ont été convertis en microlitres (uL) quand c’était lisible.
A4: AS031_1 | E4: AS031_2 | I4: AS031_3 | M4: AS031_4
A5: Ordre | B5: Réactif | C5: Volume (uL) | E5: Ordre | F5: Réactif | G5: Volume (uL) | I5: Ordre | J5: Réactif | K5: Volume (uL) | M5: Ordre | N5: Réactif | O5: Volume (uL)
A6: 1 | B6: PEG | C6: 750 | E6: 1 | F6: PEG | G6: 750 | I6: 1 | J6: PEG | K6: 750 | M6: 1 | N6: PEG | O6: 750
A7: 2 | B7: NP | C7: 750 | E7: 2 | F7: NP | G7: 750 | I7: 2 | J7: NP | K7: 750 | M7: 2 | N7: NP | O7: 750
A8: 3 | B8: Mg | C8: 400 | E8: 3 | F8: Mg | G8: 400 | I8: 3 | J8: Mg | K8: 400 | M8: 3 | N8: Mg | O8: 400
A9: 4 | B9: PAN | C9: à vérifier | E9: 4 | F9: PAN | G9: à vérifier | I9: 4 | J9: PAN | K9: à vérifier | M9: 4 | N9: PAN | O9: à vérifier
A10: 5 | B10: EDTA | C10: 0 | E10: 5 | F10: EDTA | G10: 25 | I10: 5 | J10: EDTA | K10: 50 | M10: 5 | N10: EDTA | O10: 75
A11: 6 | B11: Cu | C11: 1000 | E11: 6 | F11: Cu | G11: 1000 | I11: 6 | J11: Cu | K11: 1000 | M11: 6 | N11: Cu | O11: 1000
A12: 7 | B12: H2O | C12: 500 | E12: 7 | F12: H2O | G12: 475 | I12: 7 | J12: H2O | K12: 450 | M12: 7 | N12: H2O | O12: 425
A14: Légende
B15: AS031_1 — référence
B16: Réactif / ordre modifié vs AS031_1
B17: Volume modifié vs AS031_1
